time_s,position_m,velocity_m_per_s,acceleration_m_per_s2,
0.000000,0.000000,0.000000,0.000000,
0.010000,0.000500,0.050000,5.000000,
0.020000,0.001500,0.100000,4.999962,
0.030000,0.003000,0.149998,4.999847,
0.040000,0.005000,0.199995,4.999655,
0.050000,0.007500,0.249989,4.999388,
0.060000,0.010500,0.299979,4.999043,
0.070000,0.013999,0.349965,4.998622,
0.080000,0.017999,0.399946,4.998125,
0.090000,0.022498,0.449922,4.997551,
0.100000,0.027497,0.499891,4.996900,
0.110000,0.032995,0.549853,4.996174,
0.120000,0.038993,0.599806,4.995370,
0.130000,0.045491,0.649751,4.994491,
0.140000,0.052488,0.699687,4.993535,
0.150000,0.059984,0.749612,4.992504,
0.160000,0.067979,0.799526,4.991396,
0.170000,0.076473,0.849428,4.990212,
0.180000,0.085467,0.899317,4.988952,
0.190000,0.094959,0.949193,4.987616,
0.200000,0.104949,0.999055,4.986204,
0.210000,0.115438,1.048903,4.984716,
0.220000,0.126425,1.098734,4.983153,
0.230000,0.137911,1.148549,4.981514,
0.240000,0.149894,1.198347,4.979800,
0.250000,0.162376,1.248127,4.978011,
0.260000,0.175355,1.297889,4.976146,
0.270000,0.188831,1.347631,4.974206,
0.280000,0.202804,1.397353,4.972191,
0.290000,0.217275,1.447054,4.970101,
0.300000,0.232242,1.496733,4.967936,
0.310000,0.247706,1.546390,4.965697,
0.320000,0.263666,1.596024,4.963383,
0.330000,0.280123,1.645634,4.960995,
0.340000,0.297075,1.695219,4.958532,
0.350000,0.314523,1.744779,4.955995,
0.360000,0.332466,1.794313,4.953385,
0.370000,0.350904,1.843820,4.950700,
0.380000,0.369837,1.893299,4.947943,
0.390000,0.389265,1.942751,4.945111,
0.400000,0.409186,1.992173,4.942206,
0.410000,0.429602,2.041565,4.939228,
0.420000,0.450511,2.090927,4.936178,
0.430000,0.471914,2.140257,4.933054,
0.440000,0.493809,2.189556,4.929858,
0.450000,0.516198,2.238822,4.926590,
0.460000,0.539078,2.288054,4.923249,
0.470000,0.562451,2.337253,4.919836,
0.480000,0.586315,2.386416,4.916352,
0.490000,0.610670,2.435544,4.912796,
0.500000,0.635517,2.484636,4.909168,
0.510000,0.660854,2.533690,4.905470,
0.520000,0.686681,2.582707,4.901700,
0.530000,0.712997,2.631686,4.897860,
0.540000,0.739804,2.680626,4.893949,
0.550000,0.767099,2.729525,4.889968,
0.560000,0.794883,2.778384,4.885917,
0.570000,0.823155,2.827202,4.881796,
0.580000,0.851915,2.875978,4.877606,
0.590000,0.881162,2.924712,4.873346,
0.600000,0.910896,2.973402,4.869018,
0.610000,0.941116,3.022048,4.864620,
0.620000,0.971823,3.070650,4.860154,
0.630000,1.003015,3.119206,4.855620,
0.640000,1.034692,3.167716,4.851018,
0.650000,1.066854,3.216180,4.846348,
0.660000,1.099500,3.264596,4.841610,
0.670000,1.132629,3.312964,4.836806,
0.680000,1.166242,3.361283,4.831934,
0.690000,1.200338,3.409553,4.826996,
0.700000,1.234915,3.457773,4.821991,
0.710000,1.269975,3.505942,4.816921,
0.720000,1.305515,3.554060,4.811784,
0.730000,1.341537,3.602126,4.806583,
0.740000,1.378038,3.650139,4.801316,
0.750000,1.415019,3.698099,4.795984,
0.760000,1.452479,3.746005,4.790587,
0.770000,1.490418,3.793856,4.785127,
0.780000,1.528834,3.841652,4.779602,
0.790000,1.567728,3.889392,4.774014,
0.800000,1.607099,3.937076,4.768362,
0.810000,1.646946,3.984702,4.762648,
0.820000,1.687269,4.032271,4.756870,
0.830000,1.728066,4.079781,4.751031,
0.840000,1.769339,4.127233,4.745129,
0.850000,1.811085,4.174624,4.739166,
0.860000,1.853305,4.221956,4.733142,
0.870000,1.895997,4.269226,4.727056,
0.880000,1.939161,4.316435,4.720910,
0.890000,1.982797,4.363582,4.714703,
0.900000,2.026904,4.410667,4.708437,
0.910000,2.071481,4.457688,4.702111,
0.920000,2.116527,4.504645,4.695726,
0.930000,2.162042,4.551538,4.689281,
0.940000,2.208026,4.598366,4.682779,
0.950000,2.254477,4.645128,4.676218,
0.960000,2.301396,4.691824,4.669599,
0.970000,2.348780,4.738453,4.662923,
0.980000,2.396630,4.785015,4.656189,
0.990000,2.444945,4.831509,4.649399,
1.000000,2.493725,4.877935,4.642553,
1.010000,2.542968,4.924291,4.635651,
1.020000,2.592673,4.970578,4.628693,
1.030000,2.642841,5.016795,4.621679,
1.040000,2.693471,5.062941,4.614611,
1.050000,2.744561,5.109016,4.607489,
1.060000,2.796111,5.155019,4.600312,
1.070000,2.848121,5.200950,4.593082,
1.080000,2.900589,5.246808,4.585799,
1.090000,2.953515,5.292592,4.578462,
1.100000,3.006898,5.338303,4.571073,
1.110000,3.060737,5.383939,4.563632,
1.120000,3.115032,5.429501,4.556140,
1.130000,3.169782,5.474987,4.548595,
1.140000,3.224986,5.520397,4.541000,
1.150000,3.280643,5.565730,4.533355,
1.160000,3.336753,5.610987,4.525659,
1.170000,3.393315,5.656166,4.517914,
1.180000,3.450327,5.701267,4.510119,
1.190000,3.507790,5.746290,4.502276,
1.200000,3.565703,5.791234,4.494384,
1.210000,3.624064,5.836098,4.486443,
1.220000,3.682872,5.880883,4.478456,
1.230000,3.742128,5.925587,4.470421,
1.240000,3.801830,5.970210,4.462339,
1.250000,3.861978,6.014752,4.454210,
1.260000,3.922570,6.059213,4.446036,
1.270000,3.983606,6.103591,4.437816,
1.280000,4.045085,6.147886,4.429551,
1.290000,4.107006,6.192099,4.421241,
1.300000,4.169368,6.236228,4.412887,
1.310000,4.232171,6.280273,4.404489,
1.320000,4.295413,6.324233,4.396047,
1.330000,4.359094,6.368109,4.387562,
1.340000,4.423213,6.411899,4.379035,
1.350000,4.487769,6.455604,4.370466,
1.360000,4.552761,6.499222,4.361854,
1.370000,4.618189,6.542754,4.353202,
1.380000,4.684051,6.586199,4.344508,
1.390000,4.750347,6.629557,4.335774,
1.400000,4.817075,6.672827,4.327000,
1.410000,4.884235,6.716009,4.318186,
1.420000,4.951826,6.759102,4.309333,
1.430000,5.019847,6.802107,4.300441,
1.440000,5.088297,6.845022,4.291511,
1.450000,5.157176,6.887847,4.282543,
1.460000,5.226482,6.930583,4.273538,
1.470000,5.296214,6.973228,4.264495,
1.480000,5.366372,7.015782,4.255416,
1.490000,5.436954,7.058245,4.246300,
1.500000,5.507960,7.100616,4.237149,
1.510000,5.579389,7.142896,4.227963,
1.520000,5.651240,7.185083,4.218742,
1.530000,5.723512,7.227178,4.209486,
1.540000,5.796204,7.269180,4.200196,
1.550000,5.869315,7.311089,4.190872,
1.560000,5.942844,7.352904,4.181516,
1.570000,6.016790,7.394625,4.172127,
1.580000,6.091152,7.436252,4.162705,
1.590000,6.165930,7.477785,4.153252,
1.600000,6.241122,7.519223,4.143767,
1.610000,6.316728,7.560565,4.134251,
1.620000,6.392746,7.601812,4.124705,
1.630000,6.469176,7.642963,4.115128,
1.640000,6.546016,7.684019,4.105522,
1.650000,6.623266,7.724977,4.095887,
1.660000,6.700924,7.765840,4.086222,
1.670000,6.778990,7.806605,4.076530,
1.680000,6.857463,7.847273,4.066809,
1.690000,6.936341,7.887844,4.057061,
1.700000,7.015625,7.928317,4.047286,
1.710000,7.095311,7.968691,4.037484,
1.720000,7.175401,8.008968,4.027656,
1.730000,7.255893,8.049146,4.017802,
1.740000,7.336785,8.089225,4.007922,
1.750000,7.418077,8.129205,3.998018,
1.760000,7.499768,8.169086,3.988089,
1.770000,7.581856,8.208868,3.978136,
1.780000,7.664342,8.248549,3.968159,
1.790000,7.747223,8.288131,3.958159,
1.800000,7.830499,8.327612,3.948137,
1.810000,7.914169,8.366993,3.938092,
1.820000,7.998232,8.406273,3.928024,
1.830000,8.082687,8.445453,3.917936,
1.840000,8.167532,8.484531,3.907826,
1.850000,8.252767,8.523508,3.897695,
1.860000,8.338391,8.562383,3.887544,
1.870000,8.424402,8.601157,3.877373,
1.880000,8.510801,8.639829,3.867183,
1.890000,8.597585,8.678399,3.856973,
1.900000,8.684753,8.716866,3.846745,
1.910000,8.772306,8.755231,3.836499,
1.920000,8.860241,8.793493,3.826235,
1.930000,8.948557,8.831653,3.815953,
1.940000,9.037254,8.869709,3.805654,
1.950000,9.126331,8.907663,3.795339,
1.960000,9.215786,8.945513,3.785007,
1.970000,9.305619,8.983260,3.774660,
1.980000,9.395828,9.020902,3.764297,
1.990000,9.486412,9.058442,3.753920,
2.000000,9.577371,9.095877,3.743527,
2.010000,9.668703,9.133208,3.733121,
2.020000,9.760407,9.170435,3.722700,
2.030000,9.852483,9.207558,3.712267,
2.040000,9.944929,9.244576,3.701820,
2.050000,10.037743,9.281490,3.691360,
2.060000,10.130926,9.318299,3.680889,
2.070000,10.224476,9.355003,3.670405,
2.080000,10.318392,9.391602,3.659910,
2.090000,10.412673,9.428096,3.649404,
2.100000,10.507318,9.464485,3.638887,
2.110000,10.602326,9.500768,3.628360,
2.120000,10.697695,9.536946,3.617823,
2.130000,10.793426,9.573019,3.607277,
2.140000,10.889515,9.608986,3.596721,
2.150000,10.985964,9.644848,3.586157,
2.160000,11.082770,9.680604,3.575584,
2.170000,11.179932,9.716254,3.565003,
2.180000,11.277450,9.751798,3.554414,
2.190000,11.375323,9.787236,3.543819,
2.200000,11.473549,9.822568,3.533216,
2.210000,11.572126,9.857794,3.522606,
2.220000,11.671056,9.892914,3.511991,
2.230000,11.770335,9.927928,3.501369,
2.240000,11.869963,9.962835,3.490743,
2.250000,11.969940,9.997637,3.480111,
2.260000,12.070263,10.032331,3.469474,
2.270000,12.170932,10.066920,3.458833,
2.280000,12.271946,10.101401,3.448187,
2.290000,12.373304,10.135777,3.437538,
2.300000,12.475004,10.170046,3.426886,
2.310000,12.577046,10.204208,3.416231,
2.320000,12.679429,10.238264,3.405573,
2.330000,12.782151,10.272213,3.394912,
2.340000,12.885212,10.306055,3.384250,
2.350000,12.988610,10.339791,3.373586,
2.360000,13.092344,10.373420,3.362921,
2.370000,13.196413,10.406943,3.352255,
2.380000,13.300817,10.440359,3.341588,
2.390000,13.405554,10.473668,3.330921,
2.400000,13.510622,10.506871,3.320254,
2.410000,13.616022,10.539966,3.309587,
2.420000,13.721751,10.572956,3.298921,
2.430000,13.827810,10.605838,3.288256,
2.440000,13.934196,10.638614,3.277592,
2.450000,14.040909,10.671283,3.266930,
2.460000,14.147947,10.703846,3.256269,
2.470000,14.255310,10.736302,3.245611,
2.480000,14.362997,10.768652,3.234956,
2.490000,14.471006,10.800895,3.224303,
2.500000,14.579336,10.833031,3.213654,
2.510000,14.687987,10.865061,3.203008,
2.520000,14.796957,10.896985,3.192366,
2.530000,14.906245,10.928802,3.181728,
2.540000,15.015850,10.960513,3.171095,
2.550000,15.125771,10.992118,3.160466,
2.560000,15.236007,11.023616,3.149842,
2.570000,15.346557,11.055009,3.139223,
2.580000,15.457420,11.086295,3.128610,
2.590000,15.568595,11.117475,3.118003,
2.600000,15.680080,11.148549,3.107402,
2.610000,15.791876,11.179517,3.096807,
2.620000,15.903979,11.210379,3.086219,
2.630000,16.016391,11.241135,3.075638,
2.640000,16.129109,11.271786,3.065065,
2.650000,16.242132,11.302331,3.054498,
2.660000,16.355460,11.332770,3.043940,
2.670000,16.469091,11.363104,3.033390,
2.680000,16.583024,11.393333,3.022848,
2.690000,16.697258,11.423456,3.012314,
2.700000,16.811793,11.453474,3.001790,
2.710000,16.926627,11.483387,2.991275,
2.720000,17.041759,11.513194,2.980769,
2.730000,17.157188,11.542897,2.970272,
2.740000,17.272913,11.572495,2.959786,
2.750000,17.388933,11.601988,2.949310,
2.760000,17.505247,11.631376,2.938844,
2.770000,17.621853,11.660660,2.928388,
2.780000,17.738752,11.689840,2.917944,
2.790000,17.855941,11.718915,2.907511,
2.800000,17.973420,11.747886,2.897089,
2.810000,18.091187,11.776753,2.886679,
2.820000,18.209242,11.805515,2.876280,
2.830000,18.327584,11.834174,2.865894,
2.840000,18.446211,11.862730,2.855520,
2.850000,18.565123,11.891181,2.845158,
2.860000,18.684318,11.919529,2.834810,
2.870000,18.803796,11.947774,2.824474,
2.880000,18.923555,11.975915,2.814151,
2.890000,19.043595,12.003954,2.803842,
2.900000,19.163914,12.031889,2.793547,
2.910000,19.284511,12.059722,2.783265,
2.920000,19.405385,12.087452,2.772998,
2.930000,19.526536,12.115079,2.762744,
2.940000,19.647962,12.142604,2.752506,
2.950000,19.769663,12.170027,2.742281,
2.960000,19.891636,12.197348,2.732072,
2.970000,20.013882,12.224567,2.721878,
2.980000,20.136399,12.251684,2.711699,
2.990000,20.259186,12.278699,2.701536,
3.000000,20.382242,12.305613,2.691389,
3.010000,20.505566,12.332426,2.681257,
3.020000,20.629157,12.359137,2.671141,
3.030000,20.753015,12.385747,2.661042,
3.040000,20.877137,12.412257,2.650959,
3.050000,21.001524,12.438666,2.640893,
3.060000,21.126174,12.464974,2.630844,
3.070000,21.251086,12.491183,2.620811,
3.080000,21.376259,12.517290,2.610796,
3.090000,21.501691,12.543298,2.600798,
3.100000,21.627384,12.569207,2.590818,
3.110000,21.753334,12.595015,2.580855,
3.120000,21.879541,12.620724,2.570911,
3.130000,22.006004,12.646334,2.560984,
3.140000,22.132723,12.671845,2.551075,
3.150000,22.259695,12.697257,2.541185,
3.160000,22.386921,12.722570,2.531314,
3.170000,22.514399,12.747784,2.521461,
3.180000,22.642128,12.772901,2.511627,
3.190000,22.770107,12.797919,2.501812,
3.200000,22.898335,12.822839,2.492016,
3.210000,23.026812,12.847661,2.482239,
3.220000,23.155536,12.872386,2.472482,
3.230000,23.284506,12.897014,2.462744,
3.240000,23.413721,12.921544,2.453027,
3.250000,23.543181,12.945977,2.443329,
3.260000,23.672884,12.970314,2.433651,
3.270000,23.802830,12.994554,2.423993,
3.280000,23.933017,13.018697,2.414355,
3.290000,24.063444,13.042745,2.404738,
3.300000,24.194111,13.066696,2.395142,
3.310000,24.325017,13.090552,2.385566,
3.320000,24.456160,13.114312,2.376011,
3.330000,24.587540,13.137977,2.366477,
3.340000,24.719155,13.161546,2.356964,
3.350000,24.851005,13.185021,2.347472,
3.360000,24.983089,13.208401,2.338002,
3.370000,25.115406,13.231686,2.328553,
3.380000,25.247955,13.254878,2.319125,
3.390000,25.380735,13.277975,2.309720,
3.400000,25.513745,13.300978,2.300336,
3.410000,25.646983,13.323888,2.290973,
3.420000,25.780450,13.346704,2.281633,
3.430000,25.914145,13.369427,2.272315,
3.440000,26.048065,13.392058,2.263019,
3.450000,26.182211,13.414595,2.253746,
3.460000,26.316582,13.437040,2.244495,
3.470000,26.451176,13.459393,2.235266,
3.480000,26.585992,13.481653,2.226060,
3.490000,26.721030,13.503822,2.216877,
3.500000,26.856289,13.525899,2.207716,
3.510000,26.991768,13.547885,2.198579,
3.520000,27.127466,13.569780,2.189464,
3.530000,27.263382,13.591583,2.180373,
3.540000,27.399515,13.613296,2.171304,
3.550000,27.535864,13.634919,2.162259,
3.560000,27.672429,13.656451,2.153238,
3.570000,27.809207,13.677894,2.144239,
3.580000,27.946200,13.699246,2.135264,
3.590000,28.083405,13.720510,2.126313,
3.600000,28.220822,13.741683,2.117385,
3.610000,28.358450,13.762768,2.108481,
3.620000,28.496287,13.783764,2.099601,
3.630000,28.634334,13.804672,2.090745,
3.640000,28.772589,13.825491,2.081913,
3.650000,28.911051,13.846222,2.073104,
3.660000,29.049720,13.866865,2.064320,
3.670000,29.188594,13.887421,2.055560,
3.680000,29.327673,13.907889,2.046824,
3.690000,29.466955,13.928270,2.038113,
3.700000,29.606441,13.948564,2.029425,
3.710000,29.746129,13.968772,2.020763,
3.720000,29.886018,13.988893,2.012124,
3.730000,30.026107,14.008928,2.003510,
3.740000,30.166396,14.028878,1.994921,
3.750000,30.306883,14.048741,1.986356,
3.760000,30.447568,14.068519,1.977816,
3.770000,30.588451,14.088212,1.969300,
3.780000,30.729529,14.107820,1.960810,
3.790000,30.870802,14.127344,1.952344,
3.800000,31.012270,14.146783,1.943903,
3.810000,31.153931,14.166138,1.935487,
3.820000,31.295786,14.185409,1.927096,
3.830000,31.437831,14.204596,1.918730,
3.840000,31.580068,14.223700,1.910389,
3.850000,31.722496,14.242721,1.902072,
3.860000,31.865112,14.261658,1.893781,
3.870000,32.007917,14.280514,1.885516,
3.880000,32.150910,14.299286,1.877275,
3.890000,32.294090,14.317977,1.869059,
3.900000,32.437456,14.336586,1.860869,
3.910000,32.581007,14.355113,1.852704,
3.920000,32.724743,14.373558,1.844564,
3.930000,32.868662,14.391923,1.836450,
3.940000,33.012764,14.410206,1.828361,
3.950000,33.157048,14.428409,1.820297,
3.960000,33.301513,14.446532,1.812259,
3.970000,33.446159,14.464574,1.804246,
3.980000,33.590984,14.482537,1.796259,
3.990000,33.735989,14.500420,1.788297,
4.000000,33.881171,14.518224,1.780360,
4.010000,34.026530,14.535948,1.772449,
4.020000,34.172066,14.553594,1.764564,
4.030000,34.317778,14.571161,1.756704,
4.040000,34.463664,14.588649,1.748870,
4.050000,34.609725,14.606060,1.741061,
4.060000,34.755959,14.623393,1.733277,
4.070000,34.902365,14.640648,1.725520,
4.080000,35.048944,14.657826,1.717787,
4.090000,35.195693,14.674927,1.710081,
4.100000,35.342612,14.691951,1.702400,
4.110000,35.489701,14.708898,1.694745,
4.120000,35.636959,14.725769,1.687115,
4.130000,35.784385,14.742564,1.679511,
4.140000,35.931978,14.759284,1.671932,
4.150000,36.079737,14.775927,1.664379,
4.160000,36.227662,14.792496,1.656852,
4.170000,36.375752,14.808990,1.649350,
4.180000,36.524006,14.825408,1.641874,
4.190000,36.672423,14.841752,1.634424,
4.200000,36.821004,14.858022,1.626999,
4.210000,36.969746,14.874218,1.619600,
4.220000,37.118649,14.890341,1.612226,
4.230000,37.267713,14.906390,1.604878,
4.240000,37.416937,14.922365,1.597556,
4.250000,37.566319,14.938268,1.590259,
4.260000,37.715860,14.954098,1.582987,
4.270000,37.865559,14.969855,1.575742,
4.280000,38.015414,14.985540,1.568521,
4.290000,38.165426,15.001153,1.561327,
4.300000,38.315593,15.016695,1.554158,
4.310000,38.465914,15.032165,1.547014,
4.320000,38.616390,15.047564,1.539896,
4.330000,38.767019,15.062892,1.532803,
4.340000,38.917800,15.078150,1.525736,
4.350000,39.068734,15.093336,1.518694,
4.360000,39.219818,15.108453,1.511678,
4.370000,39.371053,15.123500,1.504687,
4.380000,39.522438,15.138477,1.497721,
4.390000,39.673972,15.153385,1.490781,
4.400000,39.825654,15.168224,1.483866,
4.410000,39.977484,15.182994,1.476976,
4.420000,40.129461,15.197695,1.470112,
4.430000,40.281584,15.212327,1.463273,
4.440000,40.433853,15.226892,1.456459,
4.450000,40.586267,15.241389,1.449671,
4.460000,40.738825,15.255818,1.442907,
4.470000,40.891527,15.270179,1.436169,
4.480000,41.044372,15.284474,1.429456,
4.490000,41.197359,15.298702,1.422768,
4.500000,41.350488,15.312863,1.416105,
4.510000,41.503757,15.326957,1.409467,
4.520000,41.657167,15.340986,1.402855,
4.530000,41.810716,15.354949,1.396267,
4.540000,41.964405,15.368846,1.389704,
4.550000,42.118232,15.382677,1.383166,
4.560000,42.272196,15.396444,1.376653,
4.570000,42.426298,15.410145,1.370164,
4.580000,42.580535,15.423783,1.363701,
4.590000,42.734909,15.437355,1.357262,
4.600000,42.889418,15.450864,1.350849,
4.610000,43.044061,15.464308,1.344459,
4.620000,43.198838,15.477689,1.338095,
4.630000,43.353748,15.491007,1.331755,
4.640000,43.508790,15.504261,1.325440,
4.650000,43.663965,15.517453,1.319149,
4.660000,43.819271,15.530581,1.312883,
4.670000,43.974707,15.543648,1.306641,
4.680000,44.130274,15.556652,1.300424,
4.690000,44.285970,15.569594,1.294231,
4.700000,44.441794,15.582475,1.288062,
4.710000,44.597747,15.595294,1.281918,
4.720000,44.753828,15.608052,1.275798,
4.730000,44.910035,15.620749,1.269702,
4.740000,45.066369,15.633385,1.263630,
4.750000,45.222829,15.645961,1.257583,
4.760000,45.379413,15.658477,1.251560,
4.770000,45.536123,15.670933,1.245560,
4.780000,45.692956,15.683328,1.239585,
4.790000,45.849913,15.695665,1.233634,
4.800000,46.006992,15.707942,1.227706,
4.810000,46.164194,15.720160,1.221802,
4.820000,46.321517,15.732319,1.215923,
4.830000,46.478961,15.744420,1.210067,
4.840000,46.636526,15.756462,1.204234,
4.850000,46.794210,15.768446,1.198425,
4.860000,46.952014,15.780373,1.192640,
4.870000,47.109936,15.792241,1.186879,
4.880000,47.267977,15.804053,1.181141,
4.890000,47.426135,15.815807,1.175426,
4.900000,47.584410,15.827504,1.169735,
4.910000,47.742801,15.839145,1.164067,
4.920000,47.901309,15.850729,1.158423,
4.930000,48.059931,15.862257,1.152801,
4.940000,48.218669,15.873729,1.147203,
4.950000,48.377520,15.885146,1.141628,
4.960000,48.536485,15.896506,1.136077,
4.970000,48.695563,15.907812,1.130548,
4.980000,48.854754,15.919062,1.125042,
4.990000,49.014056,15.930258,1.119559,
5.000000,49.173470,15.941399,1.114099,
5.010000,49.332995,15.952486,1.108662,
5.020000,49.492630,15.963518,1.103248,
5.030000,49.652375,15.974497,1.097856,
5.040000,49.812230,15.985421,1.092487,
5.050000,49.972193,15.996293,1.087140,
5.060000,50.132264,16.007111,1.081816,
5.070000,50.292442,16.017876,1.076515,
5.080000,50.452728,16.028589,1.071236,
5.090000,50.613121,16.039248,1.065979,
5.100000,50.773619,16.049856,1.060745,
5.110000,50.934223,16.060411,1.055533,
5.120000,51.094933,16.070915,1.050343,
5.130000,51.255746,16.081366,1.045175,
5.140000,51.416664,16.091767,1.040029,
5.150000,51.577685,16.102116,1.034905,
5.160000,51.738809,16.112414,1.029804,
5.170000,51.900036,16.122661,1.024724,
5.180000,52.061364,16.132858,1.019666,
5.190000,52.222794,16.143004,1.014630,
5.200000,52.384325,16.153100,1.009615,
5.210000,52.545957,16.163146,1.004622,
5.220000,52.707688,16.173143,0.999651,
5.230000,52.869519,16.183090,0.994701,
5.240000,53.031449,16.192987,0.989773,
5.250000,53.193477,16.202836,0.984866,
5.260000,53.355604,16.212636,0.979980,
5.270000,53.517828,16.222387,0.975116,
5.280000,53.680149,16.232090,0.970273,
5.290000,53.842566,16.241744,0.965451,
5.300000,54.005080,16.251351,0.960650,
5.310000,54.167689,16.260910,0.955871,
5.320000,54.330393,16.270421,0.951112,
5.330000,54.493192,16.279884,0.946374,
5.340000,54.656085,16.289301,0.941657,
5.350000,54.819071,16.298671,0.936961,
5.360000,54.982151,16.307993,0.932285,
5.370000,55.145324,16.317270,0.927631,
5.380000,55.308589,16.326500,0.922996,
5.390000,55.471946,16.335684,0.918383,
5.400000,55.635394,16.344821,0.913790,
5.410000,55.798933,16.353914,0.909217,
5.420000,55.962563,16.362960,0.904664,
5.430000,56.126282,16.371962,0.900132,
5.440000,56.290092,16.380918,0.895620,
5.450000,56.453990,16.389829,0.891128,
5.460000,56.617977,16.398696,0.886657,
5.470000,56.782052,16.407518,0.882205,
5.480000,56.946215,16.416295,0.877773,
5.490000,57.110465,16.425029,0.873362,
5.500000,57.274803,16.433719,0.868970,
5.510000,57.439226,16.442365,0.864597,
5.520000,57.603736,16.450967,0.860245,
5.530000,57.768331,16.459526,0.855912,
5.540000,57.933012,16.468042,0.851599,
5.550000,58.097777,16.476515,0.847305,
5.560000,58.262626,16.484946,0.843031,
5.570000,58.427559,16.493333,0.838776,
5.580000,58.592576,16.501679,0.834540,
5.590000,58.757676,16.509982,0.830324,
5.600000,58.922858,16.518243,0.826126,
5.610000,59.088123,16.526463,0.821948,
5.620000,59.253470,16.534641,0.817789,
5.630000,59.418897,16.542777,0.813649,
5.640000,59.584406,16.550872,0.809528,
5.650000,59.749995,16.558927,0.805426,
5.660000,59.915665,16.566940,0.801342,
5.670000,60.081414,16.574913,0.797278,
5.680000,60.247242,16.582845,0.793232,
5.690000,60.413150,16.590737,0.789204,
5.700000,60.579136,16.598589,0.785195,
5.710000,60.745200,16.606401,0.781205,
5.720000,60.911341,16.614174,0.777233,
5.730000,61.077560,16.621906,0.773279,
5.740000,61.243856,16.629600,0.769344,
5.750000,61.410229,16.637254,0.765426,
5.760000,61.576678,16.644869,0.761527,
5.770000,61.743202,16.652446,0.757646,
5.780000,61.909802,16.659984,0.753783,
5.790000,62.076477,16.667483,0.749938,
5.800000,62.243226,16.674944,0.746111,
5.810000,62.410050,16.682367,0.742302,
5.820000,62.576947,16.689752,0.738510,
5.830000,62.743918,16.697100,0.734736,
5.840000,62.910962,16.704409,0.730980,
5.850000,63.078079,16.711682,0.727241,
5.860000,63.245268,16.718917,0.723520,
5.870000,63.412530,16.726115,0.719817,
5.880000,63.579862,16.733276,0.716130,
5.890000,63.747266,16.740401,0.712461,
5.900000,63.914741,16.747489,0.708809,
5.910000,64.082287,16.754541,0.705175,
5.920000,64.249902,16.761556,0.701557,
5.930000,64.417588,16.768536,0.697957,
5.940000,64.585342,16.775480,0.694373,
5.950000,64.753166,16.782388,0.690806,
5.960000,64.921059,16.789260,0.687257,
5.970000,65.089020,16.796098,0.683724,
5.980000,65.257049,16.802900,0.680208,
5.990000,65.425145,16.809667,0.676708,
6.000000,65.593309,16.816399,0.673225,
6.010000,65.761540,16.823097,0.669759,
6.020000,65.929838,16.829760,0.666309,
6.030000,66.098202,16.836388,0.662875,
6.040000,66.266632,16.842983,0.659458,
6.050000,66.435127,16.849544,0.656057,
6.060000,66.603688,16.856070,0.652672,
6.070000,66.772314,16.862563,0.649304,
6.080000,66.941004,16.869023,0.645951,
6.090000,67.109758,16.875449,0.642615,
6.100000,67.278577,16.881842,0.639294,
6.110000,67.447459,16.888202,0.635990,
6.120000,67.616404,16.894529,0.632701,
6.130000,67.785412,16.900823,0.629428,
6.140000,67.954483,16.907085,0.626171,
6.150000,68.123616,16.913314,0.622929,
6.160000,68.292811,16.919511,0.619703,
6.170000,68.462068,16.925676,0.616493,
6.180000,68.631386,16.931809,0.613298,
6.190000,68.800765,16.937910,0.610118,
6.200000,68.970205,16.943980,0.606954,
6.210000,69.139705,16.950018,0.603805,
6.220000,69.309265,16.956025,0.600671,
6.230000,69.478885,16.962000,0.597553,
6.240000,69.648565,16.967945,0.594449,
6.250000,69.818304,16.973858,0.591361,
6.260000,69.988101,16.979741,0.588287,
6.270000,70.157957,16.985593,0.585229,
6.280000,70.327871,16.991415,0.582185,
6.290000,70.497843,16.997207,0.579156,
6.300000,70.667873,17.002968,0.576142,
6.310000,70.837960,17.008700,0.573142,
6.320000,71.008104,17.014401,0.570157,
6.330000,71.178305,17.020073,0.567187,
6.340000,71.348562,17.025715,0.564231,
6.350000,71.518875,17.031328,0.561289,
6.360000,71.689244,17.036912,0.558362,
6.370000,71.859669,17.042466,0.555449,
6.380000,72.030149,17.047992,0.552551,
6.390000,72.200684,17.053489,0.549666,
6.400000,72.371273,17.058957,0.546796,
6.410000,72.541917,17.064396,0.543940,
6.420000,72.712615,17.069807,0.541098,
6.430000,72.883367,17.075190,0.538270,
6.440000,73.054172,17.080544,0.535455,
6.450000,73.225031,17.085871,0.532655,
6.460000,73.395943,17.091169,0.529868,
6.470000,73.566907,17.096440,0.527095,
6.480000,73.737924,17.101684,0.524336,
6.490000,73.908993,17.106900,0.521590,
6.500000,74.080114,17.112088,0.518858,
6.510000,74.251286,17.117250,0.516139,
6.520000,74.422510,17.122384,0.513434,
6.530000,74.593785,17.127491,0.510742,
6.540000,74.765111,17.132572,0.508063,
6.550000,74.936487,17.137626,0.505398,
6.560000,75.107914,17.142653,0.502746,
6.570000,75.279390,17.147654,0.500107,
6.580000,75.450917,17.152629,0.497481,
6.590000,75.622492,17.157578,0.494868,
6.600000,75.794117,17.162501,0.492268,
6.610000,75.965791,17.167397,0.489681,
6.620000,76.137514,17.172269,0.487107,
6.630000,76.309285,17.177114,0.484546,
6.640000,76.481104,17.181934,0.481997,
6.650000,76.652972,17.186729,0.479461,
6.660000,76.824887,17.191498,0.476938,
6.670000,76.996849,17.196242,0.474427,
6.680000,77.168859,17.200961,0.471929,
6.690000,77.340915,17.205656,0.469444,
6.700000,77.513019,17.210326,0.466970,
6.710000,77.685168,17.214971,0.464509,
6.720000,77.857364,17.219591,0.462061,
6.730000,78.029606,17.224188,0.459624,
6.740000,78.201894,17.228760,0.457200,
6.750000,78.374227,17.233307,0.454788,
6.760000,78.546605,17.237831,0.452388,
6.770000,78.719028,17.242331,0.450000,
6.780000,78.891496,17.246808,0.447625,
6.790000,79.064009,17.251260,0.445261,
6.800000,79.236566,17.255689,0.442908,
6.810000,79.409167,17.260095,0.440568,
6.820000,79.581812,17.264477,0.438240,
6.830000,79.754500,17.268837,0.435923,
6.840000,79.927232,17.273173,0.433618,
6.850000,80.100007,17.277486,0.431324,
6.860000,80.272824,17.281776,0.429042,
6.870000,80.445685,17.286044,0.426772,
6.880000,80.618588,17.290289,0.424513,
6.890000,80.791533,17.294512,0.422265,
6.900000,80.964520,17.298712,0.420029,
6.910000,81.137549,17.302890,0.417804,
6.920000,81.310619,17.307046,0.415590,
6.930000,81.483731,17.311180,0.413388,
6.940000,81.656884,17.315292,0.411197,
6.950000,81.830078,17.319382,0.409016,
6.960000,82.003312,17.323451,0.406847,
6.970000,82.176587,17.327498,0.404689,
6.980000,82.349903,17.331523,0.402542,
6.990000,82.523258,17.335527,0.400405,
7.000000,82.696653,17.339510,0.398280,
7.010000,82.870088,17.343471,0.396165,
7.020000,83.043562,17.347412,0.394061,
7.030000,83.217075,17.351332,0.391968,
7.040000,83.390627,17.355231,0.389885,
7.050000,83.564219,17.359109,0.387813,
7.060000,83.737848,17.362966,0.385752,
7.070000,83.911516,17.366803,0.383701,
7.080000,84.085222,17.370620,0.381660,
7.090000,84.258967,17.374416,0.379630,
7.100000,84.432749,17.378192,0.377610,
7.110000,84.606568,17.381948,0.375601,
7.120000,84.780425,17.385684,0.373602,
7.130000,84.954319,17.389400,0.371613,
7.140000,85.128250,17.393097,0.369634,
7.150000,85.302218,17.396773,0.367665,
7.160000,85.476222,17.400431,0.365707,
7.170000,85.650263,17.404068,0.363758,
7.180000,85.824339,17.407686,0.361819,
7.190000,85.998452,17.411285,0.359891,
7.200000,86.172601,17.414865,0.357972,
7.210000,86.346785,17.418426,0.356063,
7.220000,86.521005,17.421967,0.354164,
7.230000,86.695260,17.425490,0.352274,
7.240000,86.869550,17.428994,0.350395,
7.250000,87.043874,17.432479,0.348525,
7.260000,87.218234,17.435946,0.346664,
7.270000,87.392628,17.439394,0.344813,
7.280000,87.567056,17.442824,0.342972,
7.290000,87.741518,17.446235,0.341140,
7.300000,87.916015,17.449628,0.339317,
7.310000,88.090545,17.453003,0.337504,
7.320000,88.265108,17.456360,0.335700,
7.330000,88.439705,17.459699,0.333906,
7.340000,88.614336,17.463020,0.332121,
7.350000,88.788999,17.466324,0.330345,
7.360000,88.963695,17.469610,0.328578,
7.370000,89.138424,17.472878,0.326820,
7.380000,89.313185,17.476129,0.325071,
7.390000,89.487979,17.479362,0.323332,
7.400000,89.662804,17.482578,0.321601,
7.410000,89.837662,17.485777,0.319879,
7.420000,90.012552,17.488958,0.318167,
7.430000,90.187473,17.492123,0.316463,
7.440000,90.362426,17.495271,0.314767,
7.450000,90.537410,17.498402,0.313081,
7.460000,90.712425,17.501516,0.311404,
7.470000,90.887471,17.504613,0.309735,
7.480000,91.062548,17.507694,0.308074,
7.490000,91.237655,17.510758,0.306423,
7.500000,91.412793,17.513806,0.304780,
7.510000,91.587962,17.516837,0.303145,
7.520000,91.763160,17.519852,0.301519,
7.530000,91.938389,17.522851,0.299901,
7.540000,92.113647,17.525834,0.298292,
7.550000,92.288935,17.528801,0.296691,
7.560000,92.464253,17.531752,0.295099,
7.570000,92.639600,17.534687,0.293514,
7.580000,92.814976,17.537607,0.291938,
7.590000,92.990381,17.540510,0.290370,
7.600000,93.165815,17.543398,0.288811,
7.610000,93.341278,17.546271,0.287259,
7.620000,93.516769,17.549128,0.285716,
7.630000,93.692289,17.551970,0.284180,
7.640000,93.867836,17.554797,0.282653,
7.650000,94.043413,17.557608,0.281133,
7.660000,94.219017,17.560404,0.279622,
7.670000,94.394648,17.563185,0.278118,
7.680000,94.570308,17.565952,0.276622,
7.690000,94.745995,17.568703,0.275134,
7.700000,94.921709,17.571439,0.273654,
7.710000,95.097451,17.574161,0.272182,
7.720000,95.273220,17.576868,0.270717,
7.730000,95.449015,17.579561,0.269260,
7.740000,95.624838,17.582239,0.267810,
7.750000,95.800687,17.584903,0.266368,
7.760000,95.976562,17.587552,0.264934,
7.770000,96.152464,17.590187,0.263507,
7.780000,96.328392,17.592808,0.262088,
7.790000,96.504346,17.595415,0.260676,
7.800000,96.680326,17.598008,0.259271,
7.810000,96.856332,17.600586,0.257874,
7.820000,97.032364,17.603151,0.256484,
7.830000,97.208421,17.605702,0.255101,
7.840000,97.384503,17.608239,0.253726,
7.850000,97.560611,17.610763,0.252358,
7.860000,97.736744,17.613273,0.250997,
7.870000,97.912901,17.615769,0.249643,
7.880000,98.089084,17.618252,0.248297,
7.890000,98.265291,17.620722,0.246957,
7.900000,98.441523,17.623178,0.245624,
7.910000,98.617779,17.625621,0.244299,
7.920000,98.794059,17.628051,0.242980,
7.930000,98.970364,17.630468,0.241669,
7.940000,99.146693,17.632871,0.240364,
7.950000,99.323045,17.635262,0.239066,
7.960000,99.499422,17.637640,0.237775,
7.970000,99.675822,17.640005,0.236491,
7.980000,99.852245,17.642357,0.235213,
7.990000,100.028692,17.644696,0.233942,
8.000000,100.205163,17.647023,0.232678,
8.010000,100.381656,17.649337,0.231421,
8.020000,100.558172,17.651639,0.230170,
8.030000,100.734712,17.653928,0.228926,
8.040000,100.911274,17.656205,0.227688,
8.050000,101.087858,17.658470,0.226457,
8.060000,101.264466,17.660722,0.225233,
8.070000,101.441095,17.662962,0.224014,
8.080000,101.617747,17.665190,0.222803,
8.090000,101.794421,17.667406,0.221598,
8.100000,101.971117,17.669610,0.220399,
8.110000,102.147835,17.671802,0.219206,
8.120000,102.324575,17.673982,0.218020,
8.130000,102.501337,17.676151,0.216840,
8.140000,102.678120,17.678307,0.215666,
8.150000,102.854924,17.680452,0.214498,
8.160000,103.031750,17.682586,0.213337,
8.170000,103.208597,17.684707,0.212182,
8.180000,103.385465,17.686818,0.211033,
8.190000,103.562355,17.688917,0.209890,
8.200000,103.739265,17.691004,0.208753,
8.210000,103.916195,17.693080,0.207622,
8.220000,104.093147,17.695145,0.206497,
8.230000,104.270119,17.697199,0.205378,
8.240000,104.447111,17.699242,0.204265,
8.250000,104.624124,17.701273,0.203158,
8.260000,104.801157,17.703294,0.202057,
8.270000,104.978210,17.705304,0.200961,
8.280000,105.155283,17.707302,0.199872,
8.290000,105.332376,17.709290,0.198788,
8.300000,105.509489,17.711267,0.197710,
8.310000,105.686621,17.713234,0.196637,
8.320000,105.863773,17.715189,0.195571,
8.330000,106.040944,17.717134,0.194510,
8.340000,106.218135,17.719069,0.193454,
8.350000,106.395345,17.720993,0.192405,
8.360000,106.572574,17.722907,0.191361,
8.370000,106.749822,17.724810,0.190322,
8.380000,106.927089,17.726703,0.189289,
8.390000,107.104375,17.728585,0.188261,
8.400000,107.281679,17.730458,0.187239,
8.410000,107.459003,17.732320,0.186223,
8.420000,107.636344,17.734172,0.185211,
8.430000,107.813704,17.736014,0.184206,
8.440000,107.991083,17.737846,0.183205,
8.450000,108.168480,17.739668,0.182210,
8.460000,108.345894,17.741481,0.181220,
8.470000,108.523327,17.743283,0.180235,
8.480000,108.700778,17.745075,0.179256,
8.490000,108.878247,17.746858,0.178282,
8.500000,109.055733,17.748631,0.177313,
8.510000,109.233237,17.750395,0.176349,
8.520000,109.410758,17.752149,0.175391,
8.530000,109.588297,17.753893,0.174437,
8.540000,109.765854,17.755628,0.173489,
8.550000,109.943427,17.757354,0.172546,
8.560000,110.121018,17.759070,0.171607,
8.570000,110.298626,17.760776,0.170674,
8.580000,110.476250,17.762474,0.169746,
8.590000,110.653892,17.764162,0.168822,
8.600000,110.831550,17.765841,0.167904,
8.610000,111.009225,17.767511,0.166991,
8.620000,111.186917,17.769172,0.166082,
8.630000,111.364625,17.770824,0.165178,
8.640000,111.542350,17.772466,0.164279,
8.650000,111.720091,17.774100,0.163385,
8.660000,111.897848,17.775725,0.162496,
8.670000,112.075622,17.777341,0.161611,
8.680000,112.253411,17.778949,0.160731,
8.690000,112.431217,17.780547,0.159856,
8.700000,112.609038,17.782137,0.158986,
8.710000,112.786875,17.783718,0.158120,
8.720000,112.964728,17.785291,0.157259,
8.730000,113.142597,17.786855,0.156403,
8.740000,113.320481,17.788410,0.155551,
8.750000,113.498380,17.789957,0.154703,
8.760000,113.676295,17.791496,0.153860,
8.770000,113.854226,17.793026,0.153022,
8.780000,114.032171,17.794548,0.152188,
8.790000,114.210132,17.796062,0.151359,
8.800000,114.388107,17.797567,0.150534,
8.810000,114.566098,17.799064,0.149714,
8.820000,114.744104,17.800553,0.148898,
8.830000,114.922124,17.802034,0.148086,
8.840000,115.100159,17.803507,0.147279,
8.850000,115.278209,17.804972,0.146476,
8.860000,115.456273,17.806428,0.145677,
8.870000,115.634352,17.807877,0.144883,
8.880000,115.812445,17.809318,0.144093,
8.890000,115.990552,17.810751,0.143307,
8.900000,116.168674,17.812176,0.142525,
8.910000,116.346810,17.813594,0.141748,
8.920000,116.524960,17.815004,0.140974,
8.930000,116.703124,17.816406,0.140205,
8.940000,116.881302,17.817800,0.139440,
8.950000,117.059494,17.819187,0.138679,
8.960000,117.237700,17.820566,0.137923,
8.970000,117.415919,17.821938,0.137170,
8.980000,117.594152,17.823302,0.136421,
8.990000,117.772399,17.824659,0.135677,
9.000000,117.950659,17.826008,0.134936,
9.010000,118.128932,17.827350,0.134199,
9.020000,118.307219,17.828685,0.133467,
9.030000,118.485519,17.830012,0.132738,
9.040000,118.663833,17.831332,0.132013,
9.050000,118.842159,17.832645,0.131292,
9.060000,119.020499,17.833951,0.130575,
9.070000,119.198851,17.835250,0.129862,
9.080000,119.377216,17.836541,0.129153,
9.090000,119.555595,17.837826,0.128448,
9.100000,119.733986,17.839103,0.127746,
9.110000,119.912389,17.840374,0.127048,
9.120000,120.090806,17.841637,0.126354,
9.130000,120.269235,17.842894,0.125664,
9.140000,120.447676,17.844143,0.124977,
9.150000,120.626130,17.845386,0.124294,
9.160000,120.804596,17.846623,0.123615,
9.170000,120.983075,17.847852,0.122939,
9.180000,121.161566,17.849075,0.122267,
9.190000,121.340068,17.850291,0.121599,
9.200000,121.518583,17.851500,0.120934,
9.210000,121.697110,17.852703,0.120273,
9.220000,121.875649,17.853899,0.119615,
9.230000,122.054200,17.855088,0.118961,
9.240000,122.232763,17.856272,0.118311,
9.250000,122.411338,17.857448,0.117664,
9.260000,122.589924,17.858618,0.117021,
9.270000,122.768522,17.859782,0.116381,
9.280000,122.947131,17.860940,0.115744,
9.290000,123.125752,17.862091,0.115111,
9.300000,123.304384,17.863236,0.114481,
9.310000,123.483028,17.864374,0.113855,
9.320000,123.661683,17.865506,0.113232,
9.330000,123.840349,17.866633,0.112613,
9.340000,124.019027,17.867753,0.111996,
9.350000,124.197716,17.868866,0.111384,
9.360000,124.376415,17.869974,0.110774,
9.370000,124.555126,17.871076,0.110168,
9.380000,124.733848,17.872171,0.109565,
9.390000,124.912580,17.873261,0.108965,
9.400000,125.091324,17.874345,0.108369,
9.410000,125.270078,17.875423,0.107776,
9.420000,125.448843,17.876494,0.107186,
9.430000,125.627619,17.877560,0.106599,
9.440000,125.806405,17.878621,0.106015,
9.450000,125.985202,17.879675,0.105435,
9.460000,126.164009,17.880723,0.104858,
9.470000,126.342826,17.881766,0.104283,
9.480000,126.521654,17.882803,0.103712,
9.490000,126.700493,17.883835,0.103144,
9.500000,126.879341,17.884861,0.102579,
9.510000,127.058200,17.885881,0.102018,
9.520000,127.237069,17.886895,0.101459,
9.530000,127.415948,17.887904,0.100903,
9.540000,127.594837,17.888908,0.100350,
9.550000,127.773736,17.889906,0.099801,
9.560000,127.952645,17.890898,0.099254,
9.570000,128.131564,17.891886,0.098710,
9.580000,128.310493,17.892867,0.098169,
9.590000,128.489431,17.893844,0.097631,
9.600000,128.668379,17.894815,0.097096,
9.610000,128.847337,17.895780,0.096564,
9.620000,129.026305,17.896741,0.096035,
9.630000,129.205282,17.897696,0.095509,
9.640000,129.384268,17.898645,0.094985,
9.650000,129.563264,17.899590,0.094464,
9.660000,129.742269,17.900530,0.093947,
9.670000,129.921284,17.901464,0.093432,
9.680000,130.100308,17.902393,0.092919,
9.690000,130.279341,17.903317,0.092410,
9.700000,130.458383,17.904236,0.091903,
9.710000,130.637435,17.905150,0.091399,
9.720000,130.816495,17.906059,0.090898,
9.730000,130.995565,17.906963,0.090400,
9.740000,131.174644,17.907862,0.089904,
9.750000,131.353731,17.908756,0.089411,
9.760000,131.532828,17.909646,0.088921,
9.770000,131.711933,17.910530,0.088433,
9.780000,131.891047,17.911409,0.087948,
9.790000,132.070170,17.912284,0.087465,
9.800000,132.249302,17.913154,0.086986,
9.810000,132.428442,17.914019,0.086508,
9.820000,132.607591,17.914879,0.086034,
9.830000,132.786748,17.915735,0.085562,
9.840000,132.965914,17.916586,0.085092,
9.850000,133.145088,17.917432,0.084626,
9.860000,133.324271,17.918274,0.084161,
9.870000,133.503462,17.919111,0.083699,
9.880000,133.682661,17.919943,0.083240,
9.890000,133.861869,17.920771,0.082783,
9.900000,134.041085,17.921594,0.082329,
9.910000,134.220309,17.922413,0.081877,
9.920000,134.399541,17.923227,0.081428,
9.930000,134.578782,17.924037,0.080981,
9.940000,134.758030,17.924842,0.080536,
9.950000,134.937287,17.925643,0.080094,
9.960000,135.116551,17.926440,0.079654,
9.970000,135.295823,17.927232,0.079217,
9.980000,135.475104,17.928020,0.078782,
9.990000,135.654392,17.928803,0.078350,
10.000000,135.833687,17.929583,0.077920,
10.010000,136.012991,17.930358,0.077492,
10.020000,136.192302,17.931128,0.077066,
10.030000,136.371621,17.931895,0.076643,
10.040000,136.550948,17.932657,0.076222,
10.050000,136.730282,17.933415,0.075803,
10.060000,136.909624,17.934169,0.075387,
10.070000,137.088973,17.934918,0.074973,
10.080000,137.268329,17.935664,0.074561,
10.090000,137.447693,17.936406,0.074152,
10.100000,137.627065,17.937143,0.073744,
10.110000,137.806444,17.937876,0.073339,
10.120000,137.985830,17.938606,0.072937,
10.130000,138.165223,17.939331,0.072536,
10.140000,138.344624,17.940053,0.072137,
10.150000,138.524031,17.940770,0.071741,
10.160000,138.703446,17.941483,0.071347,
10.170000,138.882868,17.942193,0.070955,
10.180000,139.062297,17.942899,0.070565,
10.190000,139.241733,17.943600,0.070177,
10.200000,139.421176,17.944298,0.069792,
10.210000,139.600626,17.944992,0.069408,
10.220000,139.780083,17.945683,0.069027,
10.230000,139.959546,17.946369,0.068647,
10.240000,140.139017,17.947052,0.068270,
10.250000,140.318494,17.947731,0.067895,
10.260000,140.497978,17.948406,0.067522,
10.270000,140.677469,17.949077,0.067150,
10.280000,140.856967,17.949745,0.066781,
10.290000,141.036471,17.950409,0.066414,
10.300000,141.215981,17.951070,0.066049,
10.310000,141.395499,17.951727,0.065686,
10.320000,141.575022,17.952380,0.065325,
10.330000,141.754553,17.953030,0.064966,
10.340000,141.934089,17.953676,0.064609,
10.350000,142.113633,17.954318,0.064253,
10.360000,142.293182,17.954957,0.063900,
10.370000,142.472738,17.955593,0.063549,
10.380000,142.652300,17.956225,0.063199,
10.390000,142.831869,17.956853,0.062852,
10.400000,143.011444,17.957478,0.062506,
10.410000,143.191025,17.958100,0.062162,
10.420000,143.370612,17.958718,0.061820,
10.430000,143.550205,17.959333,0.061480,
10.440000,143.729805,17.959944,0.061142,
10.450000,143.909410,17.960552,0.060806,
10.460000,144.089022,17.961157,0.060472,
10.470000,144.268639,17.961759,0.060139,
10.480000,144.448263,17.962357,0.059808,
10.490000,144.627892,17.962951,0.059479,
10.500000,144.807528,17.963543,0.059152,
10.510000,144.987169,17.964131,0.058827,
10.520000,145.166816,17.964716,0.058503,
10.530000,145.346469,17.965298,0.058181,
10.540000,145.526128,17.965877,0.057861,
10.550000,145.705793,17.966452,0.057543,
10.560000,145.885463,17.967024,0.057226,
10.570000,146.065139,17.967594,0.056911,
10.580000,146.244820,17.968159,0.056598,
10.590000,146.424508,17.968722,0.056287,
10.600000,146.604200,17.969282,0.055977,
10.610000,146.783899,17.969839,0.055669,
10.620000,146.963603,17.970392,0.055362,
10.630000,147.143312,17.970943,0.055058,
10.640000,147.323027,17.971491,0.054755,
10.650000,147.502747,17.972035,0.054453,
10.660000,147.682473,17.972577,0.054154,
10.670000,147.862204,17.973115,0.053856,
10.680000,148.041941,17.973651,0.053559,
10.690000,148.221683,17.974183,0.053264,
10.700000,148.401430,17.974713,0.052971,
10.710000,148.581182,17.975240,0.052680,
10.720000,148.760940,17.975764,0.052390,
10.730000,148.940703,17.976285,0.052101,
10.740000,149.120471,17.976803,0.051814,
10.750000,149.300244,17.977318,0.051529,
10.760000,149.480022,17.977831,0.051245,
10.770000,149.659806,17.978340,0.050963,
10.780000,149.839594,17.978847,0.050683,
10.790000,150.019388,17.979351,0.050404,
10.800000,150.199186,17.979852,0.050126,
10.810000,150.378990,17.980351,0.049850,
10.820000,150.558798,17.980847,0.049576,
10.830000,150.738612,17.981340,0.049303,
10.840000,150.918430,17.981830,0.049031,
10.850000,151.098253,17.982318,0.048761,
10.860000,151.278081,17.982803,0.048493,
10.870000,151.457914,17.983285,0.048226,
10.880000,151.637752,17.983764,0.047960,
10.890000,151.817594,17.984241,0.047696,
10.900000,151.997441,17.984716,0.047433,
10.910000,152.177293,17.985187,0.047172,
10.920000,152.357150,17.985657,0.046912,
10.930000,152.537011,17.986123,0.046654,
10.940000,152.716877,17.986587,0.046397,
10.950000,152.896747,17.987049,0.046141,
10.960000,153.076622,17.987507,0.045887,
10.970000,153.256502,17.987964,0.045634,
10.980000,153.436386,17.988418,0.045383,
10.990000,153.616275,17.988869,0.045133,
11.000000,153.796168,17.989318,0.044884,
11.010000,153.976065,17.989764,0.044637,
11.020000,154.155968,17.990208,0.044391,
11.030000,154.335874,17.990649,0.044146,
11.040000,154.515785,17.991088,0.043903,
11.050000,154.695700,17.991525,0.043661,
11.060000,154.875620,17.991959,0.043421,
11.070000,155.055544,17.992391,0.043181,
11.080000,155.235472,17.992821,0.042944,
11.090000,155.415404,17.993248,0.042707,
11.100000,155.595341,17.993672,0.042472,
11.110000,155.775282,17.994095,0.042238,
11.120000,155.955227,17.994515,0.042005,
11.130000,156.135177,17.994933,0.041773,
11.140000,156.315130,17.995348,0.041543,
11.150000,156.495088,17.995761,0.041314,
11.160000,156.675049,17.996172,0.041086,
11.170000,156.855015,17.996581,0.040860,
11.180000,157.034985,17.996987,0.040635,
11.190000,157.214959,17.997391,0.040411,
11.200000,157.394937,17.997793,0.040188,
11.210000,157.574919,17.998193,0.039967,
11.220000,157.754905,17.998590,0.039746,
11.230000,157.934895,17.998985,0.039527,
11.240000,158.114888,17.999378,0.039309,
11.250000,158.294886,17.999769,0.039093,
11.260000,158.474888,18.000158,0.038877,
11.270000,158.654893,18.000545,0.038663,
11.280000,158.834902,18.000929,0.038450,
11.290000,159.014915,18.001312,0.038238,
11.300000,159.194932,18.001692,0.038027,
11.310000,159.374953,18.002070,0.037817,
11.320000,159.554978,18.002446,0.037609,
11.330000,159.735006,18.002820,0.037401,
11.340000,159.915038,18.003192,0.037195,
11.350000,160.095073,18.003562,0.036990,
11.360000,160.275113,18.003930,0.036786,
11.370000,160.455156,18.004296,0.036583,
11.380000,160.635202,18.004659,0.036382,
11.390000,160.815252,18.005021,0.036181,
11.400000,160.995306,18.005381,0.035982,
11.410000,161.175364,18.005739,0.035783,
11.420000,161.355424,18.006095,0.035586,
11.430000,161.535489,18.006449,0.035390,
11.440000,161.715557,18.006801,0.035195,
11.450000,161.895628,18.007151,0.035000,
11.460000,162.075703,18.007499,0.034807,
11.470000,162.255782,18.007845,0.034615,
11.480000,162.435864,18.008189,0.034425,
11.490000,162.615949,18.008531,0.034235,
11.500000,162.796038,18.008872,0.034046,
11.510000,162.976130,18.009211,0.033858,
11.520000,163.156225,18.009547,0.033671,
11.530000,163.336324,18.009882,0.033486,
11.540000,163.516426,18.010215,0.033301,
11.550000,163.696532,18.010546,0.033117,
11.560000,163.876641,18.010876,0.032935,
11.570000,164.056753,18.011203,0.032753,
11.580000,164.236868,18.011529,0.032572,
11.590000,164.416986,18.011853,0.032393,
11.600000,164.597108,18.012175,0.032214,
11.610000,164.777233,18.012495,0.032036,
11.620000,164.957361,18.012814,0.031860,
11.630000,165.137493,18.013131,0.031684,
11.640000,165.317627,18.013446,0.031509,
11.650000,165.497765,18.013759,0.031335,
11.660000,165.677905,18.014071,0.031162,
11.670000,165.858049,18.014381,0.030990,
11.680000,166.038196,18.014689,0.030819,
11.690000,166.218346,18.014995,0.030649,
11.700000,166.398499,18.015300,0.030480,
11.710000,166.578655,18.015603,0.030312,
11.720000,166.758814,18.015905,0.030145,
11.730000,166.938976,18.016205,0.029979,
11.740000,167.119141,18.016503,0.029813,
11.750000,167.299309,18.016799,0.029649,
11.760000,167.479480,18.017094,0.029485,
11.770000,167.659654,18.017387,0.029322,
11.780000,167.839831,18.017679,0.029161,
11.790000,168.020010,18.017969,0.029000,
11.800000,168.200193,18.018257,0.028840,
11.810000,168.380378,18.018544,0.028681,
11.820000,168.560567,18.018829,0.028522,
11.830000,168.740758,18.019113,0.028365,
11.840000,168.920952,18.019395,0.028208,
11.850000,169.101149,18.019676,0.028053,
11.860000,169.281348,18.019955,0.027898,
11.870000,169.461550,18.020232,0.027744,
11.880000,169.641756,18.020508,0.027591,
11.890000,169.821963,18.020782,0.027439,
11.900000,170.002174,18.021055,0.027287,
11.910000,170.182387,18.021326,0.027137,
11.920000,170.362603,18.021596,0.026987,
11.930000,170.542822,18.021865,0.026838,
11.940000,170.723043,18.022132,0.026690,
11.950000,170.903267,18.022397,0.026542,
11.960000,171.083494,18.022661,0.026396,
11.970000,171.263723,18.022924,0.026250,
11.980000,171.443955,18.023185,0.026105,
11.990000,171.624189,18.023444,0.025961,
12.000000,171.804426,18.023702,0.025818,
12.010000,171.984666,18.023959,0.025675,
12.020000,172.164908,18.024214,0.025534,
12.030000,172.345153,18.024468,0.025393,
12.040000,172.525400,18.024721,0.025253,
12.050000,172.705650,18.024972,0.025113,
12.060000,172.885902,18.025222,0.024975,
12.070000,173.066157,18.025470,0.024837,
12.080000,173.246414,18.025717,0.024700,
12.090000,173.426673,18.025963,0.024563,
12.100000,173.606935,18.026207,0.024428,
12.110000,173.787200,18.026450,0.024293,
12.120000,173.967467,18.026692,0.024159,
12.130000,174.147736,18.026932,0.024025,
12.140000,174.328008,18.027171,0.023893,
12.150000,174.508282,18.027408,0.023761,
12.160000,174.688558,18.027645,0.023630,
12.170000,174.868837,18.027880,0.023499,
12.180000,175.049118,18.028113,0.023369,
12.190000,175.229402,18.028346,0.023240,
12.200000,175.409688,18.028577,0.023112,
12.210000,175.589976,18.028807,0.022984,
12.220000,175.770266,18.029035,0.022858,
12.230000,175.950559,18.029263,0.022731,
12.240000,176.130853,18.029489,0.022606,
12.250000,176.311151,18.029713,0.022481,
12.260000,176.491450,18.029937,0.022357,
12.270000,176.671752,18.030159,0.022233,
12.280000,176.852055,18.030380,0.022111,
12.290000,177.032361,18.030600,0.021989,
12.300000,177.212670,18.030819,0.021867,
12.310000,177.392980,18.031037,0.021746,
12.320000,177.573292,18.031253,0.021626,
12.330000,177.753607,18.031468,0.021507,
12.340000,177.933924,18.031682,0.021388,
12.350000,178.114243,18.031894,0.021270,
12.360000,178.294564,18.032106,0.021153,
12.370000,178.474887,18.032316,0.021036,
12.380000,178.655212,18.032526,0.020920,
12.390000,178.835540,18.032734,0.020804,
12.400000,179.015869,18.032940,0.020689,
12.410000,179.196201,18.033146,0.020575,
12.420000,179.376534,18.033351,0.020461,
12.430000,179.556870,18.033554,0.020348,
12.440000,179.737207,18.033757,0.020236,
12.450000,179.917547,18.033958,0.020124,
12.460000,180.097888,18.034158,0.020013,
12.470000,180.278232,18.034357,0.019903,
12.480000,180.458577,18.034555,0.019793,
12.490000,180.638925,18.034752,0.019683,
12.500000,180.819274,18.034948,0.019575,
12.510000,180.999626,18.035142,0.019466,
12.520000,181.179979,18.035336,0.019359,
12.530000,181.360334,18.035528,0.019252,
12.540000,181.540692,18.035720,0.019146,
12.550000,181.721051,18.035910,0.019040,
12.560000,181.901412,18.036100,0.018935,
12.570000,182.081775,18.036288,0.018830,
12.580000,182.262139,18.036475,0.018726,
12.590000,182.442506,18.036661,0.018623,
12.600000,182.622875,18.036847,0.018520,
12.610000,182.803245,18.037031,0.018418,
12.620000,182.983617,18.037214,0.018316,
12.630000,183.163991,18.037396,0.018215,
12.640000,183.344367,18.037577,0.018114,
12.650000,183.524744,18.037757,0.018014,
12.660000,183.705124,18.037936,0.017914,
12.670000,183.885505,18.038115,0.017816,
12.680000,184.065888,18.038292,0.017717,
12.690000,184.246272,18.038468,0.017619,
12.700000,184.426659,18.038643,0.017522,
12.710000,184.607047,18.038817,0.017425,
12.720000,184.787437,18.038991,0.017329,
12.730000,184.967829,18.039163,0.017233,
12.740000,185.148222,18.039334,0.017138,
12.750000,185.328617,18.039505,0.017043,
12.760000,185.509014,18.039674,0.016949,
12.770000,185.689412,18.039843,0.016855,
12.780000,185.869812,18.040011,0.016762,
12.790000,186.050214,18.040177,0.016670,
12.800000,186.230617,18.040343,0.016578,
12.810000,186.411022,18.040508,0.016486,
12.820000,186.591429,18.040672,0.016395,
12.830000,186.771838,18.040835,0.016304,
12.840000,186.952247,18.040997,0.016214,
12.850000,187.132659,18.041158,0.016125,
12.860000,187.313072,18.041319,0.016036,
12.870000,187.493487,18.041478,0.015947,
12.880000,187.673903,18.041637,0.015859,
12.890000,187.854321,18.041794,0.015771,
12.900000,188.034741,18.041951,0.015684,
12.910000,188.215162,18.042107,0.015597,
12.920000,188.395585,18.042262,0.015511,
12.930000,188.576009,18.042417,0.015426,
12.940000,188.756434,18.042570,0.015340,
12.950000,188.936862,18.042722,0.015256,
12.960000,189.117290,18.042874,0.015171,
12.970000,189.297721,18.043025,0.015087,
12.980000,189.478152,18.043175,0.015004,
12.990000,189.658586,18.043324,0.014921,
13.000000,189.839020,18.043473,0.014839,
13.010000,190.019457,18.043620,0.014757,
13.020000,190.199894,18.043767,0.014675,
13.030000,190.380333,18.043913,0.014594,
13.040000,190.560774,18.044058,0.014513,
13.050000,190.741216,18.044202,0.014433,
13.060000,190.921659,18.044346,0.014353,
13.070000,191.102104,18.044489,0.014274,
13.080000,191.282551,18.044631,0.014195,
13.090000,191.462998,18.044772,0.014117,
13.100000,191.643447,18.044912,0.014039,
13.110000,191.823898,18.045052,0.013961,
13.120000,192.004350,18.045191,0.013884,
13.130000,192.184803,18.045329,0.013807,
13.140000,192.365258,18.045466,0.013731,
13.150000,192.545714,18.045603,0.013655,
13.160000,192.726171,18.045738,0.013580,
13.170000,192.906630,18.045873,0.013505,
13.180000,193.087090,18.046008,0.013430,
13.190000,193.267551,18.046141,0.013356,
13.200000,193.448014,18.046274,0.013282,
13.210000,193.628478,18.046406,0.013209,
13.220000,193.808944,18.046538,0.013136,
13.230000,193.989410,18.046668,0.013063,
13.240000,194.169878,18.046798,0.012991,
13.250000,194.350348,18.046927,0.012919,
13.260000,194.530818,18.047056,0.012848,
13.270000,194.711290,18.047184,0.012777,
13.280000,194.891763,18.047311,0.012706,
13.290000,195.072237,18.047437,0.012636,
13.300000,195.252713,18.047563,0.012566,
13.310000,195.433190,18.047688,0.012496,
13.320000,195.613668,18.047812,0.012427,
13.330000,195.794147,18.047935,0.012359,
13.340000,195.974628,18.048058,0.012290,
13.350000,196.155110,18.048181,0.012222,
13.360000,196.335593,18.048302,0.012155,
13.370000,196.516077,18.048423,0.012088,
13.380000,196.696563,18.048543,0.012021,
13.390000,196.877049,18.048663,0.011954,
13.400000,197.057537,18.048782,0.011888,
13.410000,197.238026,18.048900,0.011823,
13.420000,197.418516,18.049017,0.011757,
13.430000,197.599007,18.049134,0.011692,
13.440000,197.779500,18.049251,0.011628,
13.450000,197.959994,18.049366,0.011563,
13.460000,198.140488,18.049481,0.011500,
13.470000,198.320984,18.049596,0.011436,
13.480000,198.501482,18.049709,0.011373,
13.490000,198.681980,18.049822,0.011310,
13.500000,198.862479,18.049935,0.011247,
13.510000,199.042980,18.050047,0.011185,
13.520000,199.223481,18.050158,0.011123,
13.530000,199.403984,18.050269,0.011062,
13.540000,199.584488,18.050379,0.011001,
13.550000,199.764992,18.050488,0.010940,
13.560000,199.945498,18.050597,0.010879,
13.570000,200.126005,18.050705,0.010819,
13.580000,200.306514,18.050813,0.010759,
13.590000,200.487023,18.050920,0.010700,
13.600000,200.667533,18.051026,0.010641,
13.610000,200.848044,18.051132,0.010582,
13.620000,201.028557,18.051237,0.010524,
13.630000,201.209070,18.051342,0.010465,
13.640000,201.389585,18.051446,0.010407,
13.650000,201.570100,18.051549,0.010350,
13.660000,201.750617,18.051652,0.010293,
13.670000,201.931134,18.051755,0.010236,
13.680000,202.111653,18.051856,0.010179,
13.690000,202.292172,18.051958,0.010123,
13.700000,202.472693,18.052058,0.010067,
13.710000,202.653215,18.052158,0.010011,
13.720000,202.833737,18.052258,0.009956,
13.730000,203.014261,18.052357,0.009901,
13.740000,203.194785,18.052455,0.009846,
13.750000,203.375311,18.052553,0.009792,
13.760000,203.555837,18.052651,0.009738,
13.770000,203.736365,18.052748,0.009684,
13.780000,203.916893,18.052844,0.009630,
13.790000,204.097423,18.052940,0.009577,
13.800000,204.277953,18.053035,0.009524,
13.810000,204.458484,18.053130,0.009471,
13.820000,204.639016,18.053224,0.009419,
13.830000,204.819550,18.053317,0.009367,
13.840000,205.000084,18.053411,0.009315,
13.850000,205.180619,18.053503,0.009264,
13.860000,205.361155,18.053595,0.009212,
13.870000,205.541692,18.053687,0.009162,
13.880000,205.722229,18.053778,0.009111,
13.890000,205.902768,18.053869,0.009061,
13.900000,206.083308,18.053959,0.009010,
13.910000,206.263848,18.054048,0.008961,
13.920000,206.444390,18.054138,0.008911,
13.930000,206.624932,18.054226,0.008862,
13.940000,206.805475,18.054314,0.008813,
13.950000,206.986019,18.054402,0.008764,
13.960000,207.166564,18.054489,0.008716,
13.970000,207.347110,18.054576,0.008667,
13.980000,207.527656,18.054662,0.008620,
13.990000,207.708204,18.054748,0.008572,
14.000000,207.888752,18.054833,0.008524,
14.010000,208.069301,18.054918,0.008477,
14.020000,208.249851,18.055002,0.008430,
14.030000,208.430402,18.055086,0.008384,
14.040000,208.610954,18.055169,0.008337,
14.050000,208.791506,18.055252,0.008291,
14.060000,208.972060,18.055335,0.008246,
14.070000,209.152614,18.055417,0.008200,
14.080000,209.333169,18.055498,0.008155,
14.090000,209.513725,18.055579,0.008109,
14.100000,209.694281,18.055660,0.008065,
14.110000,209.874839,18.055740,0.008020,
14.120000,210.055397,18.055820,0.007976,
14.130000,210.235956,18.055899,0.007932,
14.140000,210.416516,18.055978,0.007888,
14.150000,210.597076,18.056056,0.007844,
14.160000,210.777637,18.056134,0.007801,
14.170000,210.958200,18.056212,0.007758,
14.180000,211.138762,18.056289,0.007715,
14.190000,211.319326,18.056366,0.007672,
14.200000,211.499891,18.056442,0.007630,
14.210000,211.680456,18.056518,0.007587,
14.220000,211.861022,18.056594,0.007545,
14.230000,212.041588,18.056669,0.007504,
14.240000,212.222156,18.056743,0.007462,
14.250000,212.402724,18.056817,0.007421,
14.260000,212.583293,18.056891,0.007380,
14.270000,212.763862,18.056965,0.007339,
14.280000,212.944433,18.057038,0.007299,
14.290000,213.125004,18.057110,0.007258,
14.300000,213.305576,18.057182,0.007218,
14.310000,213.486148,18.057254,0.007178,
14.320000,213.666722,18.057326,0.007138,
14.330000,213.847296,18.057396,0.007099,
14.340000,214.027870,18.057467,0.007060,
14.350000,214.208446,18.057537,0.007021,
14.360000,214.389022,18.057607,0.006982,
14.370000,214.569598,18.057677,0.006943,
14.380000,214.750176,18.057746,0.006905,
14.390000,214.930754,18.057814,0.006867,
14.400000,215.111333,18.057883,0.006829,
14.410000,215.291912,18.057950,0.006791,
14.420000,215.472493,18.058018,0.006753,
14.430000,215.653073,18.058085,0.006716,
14.440000,215.833655,18.058152,0.006679,
14.450000,216.014237,18.058218,0.006642,
14.460000,216.194820,18.058284,0.006605,
14.470000,216.375403,18.058350,0.006569,
14.480000,216.555988,18.058415,0.006532,
14.490000,216.736572,18.058480,0.006496,
14.500000,216.917158,18.058545,0.006460,
14.510000,217.097744,18.058609,0.006425,
14.520000,217.278331,18.058673,0.006389,
14.530000,217.458918,18.058737,0.006354,
14.540000,217.639506,18.058800,0.006319,
14.550000,217.820095,18.058863,0.006284,
14.560000,218.000684,18.058925,0.006249,
14.570000,218.181274,18.058987,0.006214,
14.580000,218.361864,18.059049,0.006180,
14.590000,218.542455,18.059111,0.006146,
14.600000,218.723047,18.059172,0.006112,
14.610000,218.903639,18.059232,0.006078,
14.620000,219.084232,18.059293,0.006044,
14.630000,219.264826,18.059353,0.006011,
14.640000,219.445420,18.059413,0.005978,
14.650000,219.626015,18.059472,0.005945,
14.660000,219.806610,18.059531,0.005912,
14.670000,219.987206,18.059590,0.005879,
14.680000,220.167802,18.059649,0.005847,
14.690000,220.348400,18.059707,0.005814,
14.700000,220.528997,18.059765,0.005782,
14.710000,220.709595,18.059822,0.005750,
14.720000,220.890194,18.059879,0.005718,
14.730000,221.070794,18.059936,0.005687,
14.740000,221.251393,18.059993,0.005655,
14.750000,221.431994,18.060049,0.005624,
14.760000,221.612595,18.060105,0.005593,
14.770000,221.793197,18.060160,0.005562,
14.780000,221.973799,18.060216,0.005531,
14.790000,222.154401,18.060271,0.005501,
14.800000,222.335005,18.060325,0.005470,
14.810000,222.515609,18.060380,0.005440,
14.820000,222.696213,18.060434,0.005410,
14.830000,222.876818,18.060488,0.005380,
14.840000,223.057423,18.060541,0.005350,
14.850000,223.238029,18.060594,0.005320,
14.860000,223.418636,18.060647,0.005291,
14.870000,223.599243,18.060700,0.005262,
14.880000,223.779850,18.060752,0.005233,
14.890000,223.960458,18.060804,0.005204,
14.900000,224.141067,18.060856,0.005175,
14.910000,224.321676,18.060908,0.005146,
14.920000,224.502285,18.060959,0.005118,
14.930000,224.682895,18.061010,0.005090,
14.940000,224.863506,18.061060,0.005061,
14.950000,225.044117,18.061111,0.005033,
14.960000,225.224729,18.061161,0.005006,
14.970000,225.405341,18.061210,0.004978,
14.980000,225.585953,18.061260,0.004950,
14.990000,225.766567,18.061309,0.004923,
15.000000,225.947180,18.061358,0.004896,
15.010000,226.127794,18.061407,0.004869,
15.020000,226.308409,18.061455,0.004842,
15.030000,226.489024,18.061503,0.004815,
15.040000,226.669639,18.061551,0.004788,
15.050000,226.850255,18.061599,0.004762,
15.060000,227.030872,18.061646,0.004735,
15.070000,227.211489,18.061693,0.004709,
15.080000,227.392106,18.061740,0.004683,
15.090000,227.572724,18.061787,0.004657,
15.100000,227.753342,18.061833,0.004632,
15.110000,227.933961,18.061879,0.004606,
15.120000,228.114580,18.061925,0.004580,
15.130000,228.295200,18.061970,0.004555,
15.140000,228.475820,18.062016,0.004530,
15.150000,228.656441,18.062061,0.004505,
15.160000,228.837062,18.062106,0.004480,
15.170000,229.017683,18.062150,0.004455,
15.180000,229.198305,18.062195,0.004431,
15.190000,229.378928,18.062239,0.004406,
15.200000,229.559551,18.062282,0.004382,
15.210000,229.740174,18.062326,0.004357,
15.220000,229.920797,18.062369,0.004333,
15.230000,230.101422,18.062412,0.004309,
15.240000,230.282046,18.062455,0.004286,
15.250000,230.462671,18.062498,0.004262,
15.260000,230.643297,18.062540,0.004238,
15.270000,230.823922,18.062582,0.004215,
15.280000,231.004549,18.062624,0.004191,
15.290000,231.185175,18.062666,0.004168,
15.300000,231.365802,18.062707,0.004145,
15.310000,231.546430,18.062749,0.004122,
15.320000,231.727058,18.062790,0.004100,
15.330000,231.907686,18.062830,0.004077,
15.340000,232.088315,18.062871,0.004054,
15.350000,232.268944,18.062911,0.004032,
15.360000,232.449573,18.062951,0.004010,
15.370000,232.630203,18.062991,0.003987,
15.380000,232.810834,18.063031,0.003965,
15.390000,232.991464,18.063070,0.003943,
15.400000,233.172095,18.063110,0.003922,
15.410000,233.352727,18.063149,0.003900,
15.420000,233.533359,18.063187,0.003878,
15.430000,233.713991,18.063226,0.003857,
15.440000,233.894624,18.063264,0.003836,
15.450000,234.075257,18.063302,0.003814,
15.460000,234.255890,18.063340,0.003793,
15.470000,234.436524,18.063378,0.003772,
15.480000,234.617158,18.063416,0.003751,
15.490000,234.797793,18.063453,0.003731,
15.500000,234.978427,18.063490,0.003710,
15.510000,235.159063,18.063527,0.003689,
15.520000,235.339698,18.063564,0.003669,
15.530000,235.520334,18.063600,0.003649,
15.540000,235.700971,18.063636,0.003629,
15.550000,235.881607,18.063672,0.003608,
15.560000,236.062245,18.063708,0.003589,
15.570000,236.242882,18.063744,0.003569,
15.580000,236.423520,18.063779,0.003549,
15.590000,236.604158,18.063815,0.003529,
15.600000,236.784796,18.063850,0.003510,
15.610000,236.965435,18.063885,0.003490,
15.620000,237.146074,18.063919,0.003471,
15.630000,237.326714,18.063954,0.003452,
15.640000,237.507354,18.063988,0.003433,
15.650000,237.687994,18.064022,0.003414,
15.660000,237.868635,18.064056,0.003395,
15.670000,238.049276,18.064090,0.003376,
15.680000,238.229917,18.064124,0.003357,
15.690000,238.410558,18.064157,0.003339,
15.700000,238.591200,18.064190,0.003320,
15.710000,238.771843,18.064223,0.003302,
15.720000,238.952485,18.064256,0.003284,
15.730000,239.133128,18.064289,0.003266,
15.740000,239.313771,18.064321,0.003247,
15.750000,239.494415,18.064354,0.003230,
15.760000,239.675059,18.064386,0.003212,
15.770000,239.855703,18.064418,0.003194,
15.780000,240.036347,18.064449,0.003176,
15.790000,240.216992,18.064481,0.003159,
15.800000,240.397637,18.064512,0.003141,
15.810000,240.578283,18.064544,0.003124,
15.820000,240.758928,18.064575,0.003107,
15.830000,240.939574,18.064606,0.003089,
15.840000,241.120221,18.064636,0.003072,
15.850000,241.300867,18.064667,0.003055,
15.860000,241.481514,18.064697,0.003038,
15.870000,241.662162,18.064728,0.003022,
15.880000,241.842809,18.064758,0.003005,
15.890000,242.023457,18.064787,0.002988,
15.900000,242.204105,18.064817,0.002972,
15.910000,242.384754,18.064847,0.002955,
15.920000,242.565403,18.064876,0.002939,
15.930000,242.746052,18.064905,0.002923,
15.940000,242.926701,18.064934,0.002906,
15.950000,243.107351,18.064963,0.002890,
15.960000,243.288000,18.064992,0.002874,
15.970000,243.468651,18.065021,0.002858,
15.980000,243.649301,18.065049,0.002843,
15.990000,243.829952,18.065077,0.002827,
16.000000,244.010603,18.065105,0.002811,
16.010000,244.191254,18.065133,0.002796,
16.020000,244.371906,18.065161,0.002780,
16.030000,244.552558,18.065189,0.002765,
16.040000,244.733210,18.065216,0.002750,
16.050000,244.913862,18.065244,0.002734,
16.060000,245.094515,18.065271,0.002719,
16.070000,245.275168,18.065298,0.002704,
16.080000,245.455821,18.065325,0.002689,
16.090000,245.636475,18.065352,0.002674,
16.100000,245.817129,18.065378,0.002660,
16.110000,245.997783,18.065405,0.002645,
16.120000,246.178437,18.065431,0.002630,
16.130000,246.359092,18.065457,0.002616,
16.140000,246.539746,18.065483,0.002601,
16.150000,246.720402,18.065509,0.002587,
16.160000,246.901057,18.065535,0.002572,
16.170000,247.081712,18.065560,0.002558,
16.180000,247.262368,18.065586,0.002544,
16.190000,247.443024,18.065611,0.002530,
16.200000,247.623681,18.065636,0.002516,
16.210000,247.804337,18.065661,0.002502,
16.220000,247.984994,18.065686,0.002488,
16.230000,248.165651,18.065711,0.002475,
16.240000,248.346309,18.065735,0.002461,
16.250000,248.526966,18.065760,0.002447,
16.260000,248.707624,18.065784,0.002434,
16.270000,248.888282,18.065808,0.002420,
16.280000,249.068941,18.065832,0.002407,
16.290000,249.249599,18.065856,0.002393,
16.300000,249.430258,18.065880,0.002380,
16.310000,249.610917,18.065904,0.002367,
16.320000,249.791576,18.065927,0.002354,
16.330000,249.972236,18.065951,0.002341,
16.340000,250.152896,18.065974,0.002328,
16.350000,250.333555,18.065997,0.002315,
16.360000,250.514216,18.066020,0.002302,
16.370000,250.694876,18.066043,0.002290,
16.380000,250.875537,18.066066,0.002277,
16.390000,251.056198,18.066089,0.002264,
16.400000,251.236859,18.066111,0.002252,
16.410000,251.417520,18.066134,0.002239,
16.420000,251.598182,18.066156,0.002227,
16.430000,251.778843,18.066178,0.002215,
16.440000,251.959505,18.066200,0.002202,
16.450000,252.140168,18.066222,0.002190,
16.460000,252.320830,18.066244,0.002178,
16.470000,252.501493,18.066265,0.002166,
16.480000,252.682156,18.066287,0.002154,
16.490000,252.862819,18.066308,0.002142,
16.500000,253.043482,18.066330,0.002130,
16.510000,253.224146,18.066351,0.002118,
16.520000,253.404809,18.066372,0.002107,
16.530000,253.585473,18.066393,0.002095,
16.540000,253.766137,18.066414,0.002083,
16.550000,253.946802,18.066434,0.002072,
16.560000,254.127466,18.066455,0.002061,
16.570000,254.308131,18.066475,0.002049,
16.580000,254.488796,18.066496,0.002038,
16.590000,254.669461,18.066516,0.002026,
16.600000,254.850126,18.066536,0.002015,
16.610000,255.030792,18.066556,0.002004,
16.620000,255.211458,18.066576,0.001993,
16.630000,255.392124,18.066596,0.001982,
16.640000,255.572790,18.066616,0.001971,
16.650000,255.753456,18.066635,0.001960,
16.660000,255.934123,18.066655,0.001949,
16.670000,256.114789,18.066674,0.001939,
16.680000,256.295456,18.066693,0.001928,
16.690000,256.476124,18.066713,0.001917,
16.700000,256.656791,18.066732,0.001907,
16.710000,256.837458,18.066751,0.001896,
16.720000,257.018126,18.066770,0.001885,
16.730000,257.198794,18.066788,0.001875,
16.740000,257.379462,18.066807,0.001865,
16.750000,257.560130,18.066825,0.001854,
16.760000,257.740799,18.066844,0.001844,
16.770000,257.921467,18.066862,0.001834,
16.780000,258.102136,18.066880,0.001824,
16.790000,258.282805,18.066899,0.001814,
16.800000,258.463474,18.066917,0.001804,
16.810000,258.644144,18.066935,0.001794,
16.820000,258.824813,18.066952,0.001784,
16.830000,259.005483,18.066970,0.001774,
16.840000,259.186153,18.066988,0.001764,
16.850000,259.366823,18.067005,0.001754,
16.860000,259.547493,18.067023,0.001745,
16.870000,259.728163,18.067040,0.001735,
16.880000,259.908834,18.067057,0.001725,
16.890000,260.089505,18.067075,0.001716,
16.900000,260.270176,18.067092,0.001706,
16.910000,260.450847,18.067109,0.001697,
16.920000,260.631518,18.067125,0.001687,
16.930000,260.812189,18.067142,0.001678,
16.940000,260.992861,18.067159,0.001669,
16.950000,261.173533,18.067176,0.001660,
16.960000,261.354205,18.067192,0.001650,
16.970000,261.534877,18.067208,0.001641,
16.980000,261.715549,18.067225,0.001632,
16.990000,261.896221,18.067241,0.001623,
17.000000,262.076894,18.067257,0.001614,
17.010000,262.257567,18.067273,0.001605,
17.020000,262.438240,18.067289,0.001596,
17.030000,262.618913,18.067305,0.001588,
17.040000,262.799586,18.067321,0.001579,
17.050000,262.980259,18.067336,0.001570,
17.060000,263.160933,18.067352,0.001561,
17.070000,263.341606,18.067368,0.001553,
17.080000,263.522280,18.067383,0.001544,
17.090000,263.702954,18.067398,0.001536,
17.100000,263.883628,18.067414,0.001527,
17.110000,264.064303,18.067429,0.001519,
17.120000,264.244977,18.067444,0.001510,
17.130000,264.425652,18.067459,0.001502,
17.140000,264.606326,18.067474,0.001494,
17.150000,264.787001,18.067489,0.001485,
17.160000,264.967676,18.067504,0.001477,
17.170000,265.148352,18.067518,0.001469,
17.180000,265.329027,18.067533,0.001461,
17.190000,265.509702,18.067547,0.001453,
17.200000,265.690378,18.067562,0.001445,
17.210000,265.871054,18.067576,0.001437,
17.220000,266.051730,18.067590,0.001429,
17.230000,266.232406,18.067605,0.001421,
17.240000,266.413082,18.067619,0.001413,
17.250000,266.593758,18.067633,0.001405,
17.260000,266.774435,18.067647,0.001397,
17.270000,266.955111,18.067661,0.001390,
17.280000,267.135788,18.067675,0.001382,
17.290000,267.316465,18.067688,0.001374,
17.300000,267.497142,18.067702,0.001367,
17.310000,267.677819,18.067716,0.001359,
17.320000,267.858496,18.067729,0.001352,
17.330000,268.039174,18.067743,0.001344,
17.340000,268.219851,18.067756,0.001337,
17.350000,268.400529,18.067769,0.001329,
17.360000,268.581207,18.067782,0.001322,
17.370000,268.761885,18.067796,0.001315,
17.380000,268.942563,18.067809,0.001307,
17.390000,269.123241,18.067822,0.001300,
17.400000,269.303919,18.067835,0.001293,
17.410000,269.484598,18.067847,0.001286,
17.420000,269.665277,18.067860,0.001279,
17.430000,269.845955,18.067873,0.001272,
17.440000,270.026634,18.067886,0.001265,
17.450000,270.207313,18.067898,0.001258,
17.460000,270.387992,18.067911,0.001251,
17.470000,270.568671,18.067923,0.001244,
17.480000,270.749351,18.067935,0.001237,
17.490000,270.930030,18.067948,0.001230,
17.500000,271.110710,18.067960,0.001223,
17.510000,271.291390,18.067972,0.001216,
17.520000,271.472069,18.067984,0.001210,
17.530000,271.652749,18.067996,0.001203,
17.540000,271.833430,18.068008,0.001196,
17.550000,272.014110,18.068020,0.001190,
17.560000,272.194790,18.068032,0.001183,
17.570000,272.375470,18.068044,0.001177,
17.580000,272.556151,18.068055,0.001170,
17.590000,272.736832,18.068067,0.001164,
17.600000,272.917512,18.068079,0.001157,
17.610000,273.098193,18.068090,0.001151,
17.620000,273.278874,18.068102,0.001144,
17.630000,273.459556,18.068113,0.001138,
17.640000,273.640237,18.068124,0.001132,
17.650000,273.820918,18.068136,0.001125,
17.660000,274.001600,18.068147,0.001119,
17.670000,274.182281,18.068158,0.001113,
17.680000,274.362963,18.068169,0.001107,
17.690000,274.543645,18.068180,0.001101,
17.700000,274.724327,18.068191,0.001095,
17.710000,274.905009,18.068202,0.001089,
17.720000,275.085691,18.068213,0.001083,
17.730000,275.266373,18.068223,0.001077,
17.740000,275.447055,18.068234,0.001071,
17.750000,275.627738,18.068245,0.001065,
17.760000,275.808420,18.068255,0.001059,
17.770000,275.989103,18.068266,0.001053,
17.780000,276.169786,18.068276,0.001047,
17.790000,276.350469,18.068287,0.001041,
17.800000,276.531152,18.068297,0.001036,
17.810000,276.711835,18.068307,0.001030,
17.820000,276.892518,18.068318,0.001024,
17.830000,277.073201,18.068328,0.001018,
17.840000,277.253884,18.068338,0.001013,
17.850000,277.434568,18.068348,0.001007,
17.860000,277.615252,18.068358,0.001002,
17.870000,277.795935,18.068368,0.000996,
17.880000,277.976619,18.068378,0.000991,
17.890000,278.157303,18.068388,0.000985,
17.900000,278.337987,18.068398,0.000980,
17.910000,278.518671,18.068407,0.000974,
17.920000,278.699355,18.068417,0.000969,
17.930000,278.880039,18.068427,0.000963,
17.940000,279.060724,18.068436,0.000958,
17.950000,279.241408,18.068446,0.000953,
17.960000,279.422093,18.068455,0.000948,
17.970000,279.602777,18.068465,0.000942,
17.980000,279.783462,18.068474,0.000937,
17.990000,279.964147,18.068483,0.000932,
18.000000,280.144832,18.068493,0.000927,
18.010000,280.325517,18.068502,0.000922,
18.020000,280.506202,18.068511,0.000917,
18.030000,280.686887,18.068520,0.000911,
18.040000,280.867572,18.068529,0.000906,
18.050000,281.048258,18.068538,0.000901,
18.060000,281.228943,18.068547,0.000896,
18.070000,281.409629,18.068556,0.000891,
18.080000,281.590315,18.068565,0.000887,
18.090000,281.771000,18.068574,0.000882,
18.100000,281.951686,18.068582,0.000877,
18.110000,282.132372,18.068591,0.000872,
18.120000,282.313058,18.068600,0.000867,
18.130000,282.493744,18.068608,0.000862,
18.140000,282.674430,18.068617,0.000858,
18.150000,282.855117,18.068626,0.000853,
18.160000,283.035803,18.068634,0.000848,
18.170000,283.216489,18.068642,0.000843,
18.180000,283.397176,18.068651,0.000839,
18.190000,283.577862,18.068659,0.000834,
18.200000,283.758549,18.068667,0.000829,
18.210000,283.939236,18.068676,0.000825,
18.220000,284.119923,18.068684,0.000820,
18.230000,284.300610,18.068692,0.000816,
18.240000,284.481297,18.068700,0.000811,
18.250000,284.661984,18.068708,0.000807,
18.260000,284.842671,18.068716,0.000802,
18.270000,285.023358,18.068724,0.000798,
18.280000,285.204045,18.068732,0.000793,
18.290000,285.384733,18.068740,0.000789,
18.300000,285.565420,18.068748,0.000785,
18.310000,285.746108,18.068756,0.000780,
18.320000,285.926795,18.068764,0.000776,
18.330000,286.107483,18.068771,0.000772,
18.340000,286.288171,18.068779,0.000767,
18.350000,286.468859,18.068787,0.000763,
18.360000,286.649547,18.068794,0.000759,
18.370000,286.830235,18.068802,0.000755,
18.380000,287.010923,18.068809,0.000751,
18.390000,287.191611,18.068817,0.000746,
18.400000,287.372299,18.068824,0.000742,
18.410000,287.552988,18.068831,0.000738,
18.420000,287.733676,18.068839,0.000734,
18.430000,287.914364,18.068846,0.000730,
18.440000,288.095053,18.068853,0.000726,
18.450000,288.275742,18.068861,0.000722,
18.460000,288.456430,18.068868,0.000718,
18.470000,288.637119,18.068875,0.000714,
18.480000,288.817808,18.068882,0.000710,
18.490000,288.998497,18.068889,0.000706,
18.500000,289.179186,18.068896,0.000702,
18.510000,289.359875,18.068903,0.000698,
18.520000,289.540564,18.068910,0.000694,
18.530000,289.721253,18.068917,0.000691,
18.540000,289.901942,18.068924,0.000687,
18.550000,290.082632,18.068931,0.000683,
18.560000,290.263321,18.068937,0.000679,
18.570000,290.444010,18.068944,0.000675,
18.580000,290.624700,18.068951,0.000672,
18.590000,290.805389,18.068958,0.000668,
18.600000,290.986079,18.068964,0.000664,
18.610000,291.166769,18.068971,0.000661,
18.620000,291.347459,18.068977,0.000657,
18.630000,291.528148,18.068984,0.000653,
18.640000,291.708838,18.068990,0.000650,
18.650000,291.889528,18.068997,0.000646,
18.660000,292.070218,18.069003,0.000643,
18.670000,292.250908,18.069010,0.000639,
18.680000,292.431599,18.069016,0.000635,
18.690000,292.612289,18.069022,0.000632,
18.700000,292.792979,18.069029,0.000628,
18.710000,292.973669,18.069035,0.000625,
18.720000,293.154360,18.069041,0.000622,
18.730000,293.335050,18.069047,0.000618,
18.740000,293.515741,18.069053,0.000615,
18.750000,293.696431,18.069060,0.000611,
18.760000,293.877122,18.069066,0.000608,
18.770000,294.057813,18.069072,0.000605,
18.780000,294.238504,18.069078,0.000601,
18.790000,294.419194,18.069084,0.000598,
18.800000,294.599885,18.069090,0.000595,
18.810000,294.780576,18.069096,0.000591,
18.820000,294.961267,18.069101,0.000588,
18.830000,295.141958,18.069107,0.000585,
18.840000,295.322649,18.069113,0.000581,
18.850000,295.503341,18.069119,0.000578,
18.860000,295.684032,18.069125,0.000575,
18.870000,295.864723,18.069130,0.000572,
18.880000,296.045415,18.069136,0.000569,
18.890000,296.226106,18.069142,0.000566,
18.900000,296.406797,18.069147,0.000562,
18.910000,296.587489,18.069153,0.000559,
18.920000,296.768181,18.069158,0.000556,
18.930000,296.948872,18.069164,0.000553,
18.940000,297.129564,18.069169,0.000550,
18.950000,297.310256,18.069175,0.000547,
18.960000,297.490947,18.069180,0.000544,
18.970000,297.671639,18.069186,0.000541,
18.980000,297.852331,18.069191,0.000538,
18.990000,298.033023,18.069197,0.000535,
19.000000,298.213715,18.069202,0.000532,
19.010000,298.394407,18.069207,0.000529,
19.020000,298.575099,18.069212,0.000526,
19.030000,298.755792,18.069218,0.000523,
19.040000,298.936484,18.069223,0.000520,
19.050000,299.117176,18.069228,0.000518,
19.060000,299.297868,18.069233,0.000515,
19.070000,299.478561,18.069238,0.000512,
19.080000,299.659253,18.069243,0.000509,
19.090000,299.839946,18.069248,0.000506,
19.100000,300.020638,18.069253,0.000503,
19.110000,300.201331,18.069258,0.000501,
19.120000,300.382023,18.069263,0.000498,
19.130000,300.562716,18.069268,0.000495,
19.140000,300.743409,18.069273,0.000492,
19.150000,300.924102,18.069278,0.000490,
19.160000,301.104795,18.069283,0.000487,
19.170000,301.285487,18.069288,0.000484,
19.180000,301.466180,18.069293,0.000482,
19.190000,301.646873,18.069298,0.000479,
19.200000,301.827566,18.069302,0.000476,
19.210000,302.008259,18.069307,0.000474,
19.220000,302.188953,18.069312,0.000471,
19.230000,302.369646,18.069316,0.000468,
19.240000,302.550339,18.069321,0.000466,
19.250000,302.731032,18.069326,0.000463,
19.260000,302.911725,18.069330,0.000461,
19.270000,303.092419,18.069335,0.000458,
19.280000,303.273112,18.069339,0.000456,
19.290000,303.453806,18.069344,0.000453,
19.300000,303.634499,18.069348,0.000450,
19.310000,303.815193,18.069353,0.000448,
19.320000,303.995886,18.069357,0.000446,
19.330000,304.176580,18.069362,0.000443,
19.340000,304.357273,18.069366,0.000441,
19.350000,304.537967,18.069371,0.000438,
19.360000,304.718661,18.069375,0.000436,
19.370000,304.899355,18.069379,0.000433,
19.380000,305.080049,18.069384,0.000431,
19.390000,305.260742,18.069388,0.000429,
19.400000,305.441436,18.069392,0.000426,
19.410000,305.622130,18.069396,0.000424,
19.420000,305.802824,18.069401,0.000421,
19.430000,305.983518,18.069405,0.000419,
19.440000,306.164212,18.069409,0.000417,
19.450000,306.344907,18.069413,0.000415,
19.460000,306.525601,18.069417,0.000412,
19.470000,306.706295,18.069421,0.000410,
19.480000,306.886989,18.069425,0.000408,
19.490000,307.067684,18.069430,0.000405,
19.500000,307.248378,18.069434,0.000403,
19.510000,307.429072,18.069438,0.000401,
19.520000,307.609767,18.069442,0.000399,
19.530000,307.790461,18.069445,0.000397,
19.540000,307.971156,18.069449,0.000394,
19.550000,308.151850,18.069453,0.000392,
19.560000,308.332545,18.069457,0.000390,
19.570000,308.513239,18.069461,0.000388,
19.580000,308.693934,18.069465,0.000386,
19.590000,308.874629,18.069469,0.000384,
19.600000,309.055323,18.069473,0.000381,
19.610000,309.236018,18.069476,0.000379,
19.620000,309.416713,18.069480,0.000377,
19.630000,309.597408,18.069484,0.000375,
19.640000,309.778103,18.069488,0.000373,
19.650000,309.958798,18.069491,0.000371,
19.660000,310.139493,18.069495,0.000369,
19.670000,310.320188,18.069499,0.000367,
19.680000,310.500883,18.069502,0.000365,
19.690000,310.681578,18.069506,0.000363,
19.700000,310.862273,18.069510,0.000361,
19.710000,311.042968,18.069513,0.000359,
19.720000,311.223663,18.069517,0.000357,
19.730000,311.404358,18.069520,0.000355,
19.740000,311.585053,18.069524,0.000353,
19.750000,311.765749,18.069527,0.000351,
19.760000,311.946444,18.069531,0.000349,
19.770000,312.127139,18.069534,0.000347,
19.780000,312.307835,18.069538,0.000345,
19.790000,312.488530,18.069541,0.000343,
19.800000,312.669226,18.069545,0.000341,
19.810000,312.849921,18.069548,0.000339,
19.820000,313.030617,18.069551,0.000338,
19.830000,313.211312,18.069555,0.000336,
19.840000,313.392008,18.069558,0.000334,
19.850000,313.572703,18.069561,0.000332,
19.860000,313.753399,18.069565,0.000330,
19.870000,313.934095,18.069568,0.000328,
19.880000,314.114790,18.069571,0.000327,
19.890000,314.295486,18.069575,0.000325,
19.900000,314.476182,18.069578,0.000323,
19.910000,314.656878,18.069581,0.000321,
19.920000,314.837574,18.069584,0.000319,
19.930000,315.018269,18.069587,0.000318,
19.940000,315.198965,18.069590,0.000316,
19.950000,315.379661,18.069594,0.000314,
19.960000,315.560357,18.069597,0.000312,
19.970000,315.741053,18.069600,0.000311,
19.980000,315.921749,18.069603,0.000309,
19.990000,316.102445,18.069606,0.000307,
